<?xml version="1.0" encoding="utf-8" ?>
<hibernate-mapping xmlns="urn:nhibernate-mapping-2.2"
	assembly="NHibernate.DomainModel"
	namespace="NHibernate.DomainModel.NHSpecific"
	default-lazy="false">

	<class name="Optimistic" optimistic-lock="all" dynamic-update="true">
		<id name="Id">
			<generator class="native" />
		</id>
		
		<property name="String" />

		<bag name="Bag">
			<key column="optimistic_id" />
			<element type="string" />
		</bag>
	</class>

</hibernate-mapping>
 
