<?xml version="1.0" ?>
<hibernate-mapping xmlns="urn:nhibernate-mapping-2.2" default-lazy="false">
	<class 
		name="NHibernate.DomainModel.Glarch, NHibernate.DomainModel" 
		proxy="NHibernate.DomainModel.GlarchProxy, NHibernate.DomainModel"
		table="`glarchez`"
		dynamic-update="true"
		optimistic-lock="dirty"
	>
		<!-- <jcs-cache usage="read-write" /> -->
		<!-- commented out in h2.0.3 also -->
		<id 
			type="String" 
			column="tha_key" 
			length="32"
		>
			<generator class="uuid.hex" />
		</id>
		
		<version 
			name="Version" 
			column="version"
		/>
		<!-- 
			MikeD added column="version" because it was defaulting to "Version" and was
			creating a "Version" and "version" column - sql server is not case insensitive
			so it was making duplicate columns
		-->
		
		<property 
			name="Name" 
			column="namecvbnmasdf" 
		/>
		
		<!-- <property name="currency"/> -->
		<many-to-one 
			name="Next" 
			column="next_" 
			class="NHibernate.DomainModel.Glarch, NHibernate.DomainModel" 
		/>
		
		<property 
			name="Order" 
			column="order_" 
		/>
		
		<dynamic-component name="DynaBean">
        	<property name="foo" type="string" />
        	<property name="bar" type="integer" />
		</dynamic-component>
		
		<property name="X" />
		
		<list name="Strings">
			<key column="glarch_key" />
			<index column="`!@#   i`" />
			<element type="String" column="`tha_stryng`" />
		</list>
		
		<list 
			name="FooComponents" 
			lazy="true" 
			cascade="all"
		>
			<key column="glarch_key" />
			<index column="tha_indecks" />
			<composite-element 
				class="NHibernate.DomainModel.FooComponent, NHibernate.DomainModel"
			>
				<property 
					name="Name" 
					column="name_" 
				/>
				<property name="Count" column="count_" />
				<nested-composite-element 
					name="Subcomponent" 
					class="NHibernate.DomainModel.FooComponent, NHibernate.DomainModel"
				>
					<property 
						name="Name" 
						column="x_" 
					/>
					<property 
						name="Count" 
						column="y_" 
					/>
				</nested-composite-element>
				<many-to-one name="Fee" cascade="all" outer-join="true" />
			</composite-element>
		</list>
		<array 
			name="ProxyArray" 
			element-class="NHibernate.DomainModel.GlarchProxy, NHibernate.DomainModel"
		>
			<key column="array_key" />
			<index column="array_indecks" />
			<one-to-many class="NHibernate.DomainModel.Glarch, NHibernate.DomainModel" />
		</array>
		<set name="ProxySet">
			<key column="set_key" />
			<one-to-many class="NHibernate.DomainModel.Glarch, NHibernate.DomainModel" />
		</set>
		
		<property 
			name="Immutable" 
			update="false" 
		/>
		
		<property 
			name="DerivedVersion" 
			insert="false" 
			update="false" 
			column="version" 
		/>

        <property name="Any" type="object">
        	<column name="`any_id of object`"/>
        	<column name="`any_class of object`"/>
        </property>

		<property 
			name="Multiple" 
			type="NHibernate.DomainModel.MultiplicityType, NHibernate.DomainModel"
		>
			<column name="count_" />
			<column name="glarch_" />
		</property>
	</class>
</hibernate-mapping>